"user","expiry_date","payment"
"Aaron","2021-05-27","600"
"Abigail","2021-05-28","600"
"Adam","2021-05-30","300"
"Alan","2021-05-30","1000"
"Albert","2021-05-26","600"
"Alexander","2021-05-29","300"
"Alexis","2021-05-25","300"
"Alice","2021-05-27","1000"
"Amanda","2021-05-27","1000"
"Amber","2021-05-31","1000"
"Amy","2021-05-26","1000"
"Andrea","2021-05-26","600"
"Andrew","2021-05-31","600"
"Angela","2021-05-25","1000"
"Ann","2021-05-31","300"
"Anna","2021-05-26","1000"
"Anthony","2021-05-26","1000"
"Arthur","2021-05-28","600"
"Ashley","2021-05-27","1000"
"Austin","2021-05-31","300"
"Barbara","2021-05-26","1000"
"Benjamin","2021-05-28","1000"
"Betty","2021-05-28","1000"
"Beverly","2021-05-28","300"
"Billy","2021-05-27","1000"
"Bobby","2021-05-28","1000"
"Brandon","2021-05-31","300"
"Brenda","2021-05-25","1000"
"Brian","2021-05-29","600"
"Brittany","2021-05-31","600"
"Bruce","2021-05-30","300"
"Bryan","2021-05-28","1000"
"Carl","2021-05-27","300"
"Carol","2021-05-29","300"
"Carolyn","2021-05-29","600"
"Catherine","2021-05-27","1000"
"Charles","2021-05-30","300"
"Charlotte","2021-05-30","300"
"Cheryl","2021-05-27","1000"
"Christian","2021-05-30","600"
"Christina","2021-05-26","600"
"Christine","2021-05-26","1000"
"Christopher","2021-05-31","300"
"Cynthia","2021-05-28","300"
"Daniel","2021-05-30","1000"
"Danielle","2021-05-29","300"
"David","2021-05-31","600"
"Deborah","2021-05-31","1000"
"Debra","2021-05-25","600"
"Denise","2021-05-29","600"
"Dennis","2021-05-31","300"
"Diana","2021-05-29","1000"
"Diane","2021-05-25","300"
"Donald","2021-05-28","300"
"Donna","2021-05-25","600"
"Doris","2021-05-29","600"
"Dorothy","2021-05-27","600"
"Douglas","2021-05-27","1000"
"Dylan","2021-05-30","300"
"Edward","2021-05-26","600"
"Elijah","2021-05-26","300"
"Elizabeth","2021-05-31","1000"
"Emily","2021-05-28","1000"
"Emma","2021-05-26","1000"
"Eric","2021-05-27","600"
"Ethan","2021-05-27","300"
"Eugene","2021-05-27","300"
"Evelyn","2021-05-25","300"
"Frances","2021-05-25","1000"
"Frank","2021-05-26","1000"
"Gabriel","2021-05-28","600"
"Gary","2021-05-30","1000"
"George","2021-05-31","1000"
"Gerald","2021-05-25","600"
"Gloria","2021-05-29","300"
"Grace","2021-05-27","1000"
"Gregory","2021-05-29","600"
"Hannah","2021-05-25","300"
"Harold","2021-05-27","300"
"Heather","2021-05-29","1000"
"Helen","2021-05-27","600"
"Henry","2021-05-25","1000"
"Isabella","2021-05-31","600"
"Jack","2021-05-27","600"
"Jacob","2021-05-26","300"
"Jacqueline","2021-05-25","1000"
"James","2021-05-28","1000"
"Janet","2021-05-26","1000"
"Janice","2021-05-28","300"
"Jason","2021-05-26","300"
"Jean","2021-05-29","300"
"Jeffrey","2021-05-26","300"
"Jennifer","2021-05-31","300"
"Jeremy","2021-05-27","1000"
"Jerry","2021-05-31","600"
"Jesse","2021-05-30","600"
"Jessica","2021-05-27","600"
"Joan","2021-05-26","600"
"Joe","2021-05-25","300"
"John","2021-05-26","1000"
"Johnny","2021-05-31","300"
"Jonathan","2021-05-28","300"
"Jordan","2021-05-25","600"
"Jose","2021-05-30","600"
"Joseph","2021-05-25","300"
"Joshua","2021-05-31","1000"
"Joyce","2021-05-26","1000"
"Juan","2021-05-26","1000"
"Judith","2021-05-31","600"
"Judy","2021-05-30","600"
"Julia","2021-05-29","300"
"Julie","2021-05-29","1000"
"Justin","2021-05-29","600"
"Karen","2021-05-27","600"
"Katherine","2021-05-25","300"
"Kathleen","2021-05-30","600"
"Kathryn","2021-05-28","1000"
"Kayla","2021-05-25","300"
"Keith","2021-05-26","1000"
"Kelly","2021-05-30","600"
"Kenneth","2021-05-27","1000"
"Kevin","2021-05-28","600"
"Kimberly","2021-05-30","600"
"Kyle","2021-05-27","600"
"Larry","2021-05-30","1000"
"Laura","2021-05-31","1000"
"Lauren","2021-05-27","300"
"Lawrence","2021-05-29","600"
"Linda","2021-05-28","1000"
"Lisa","2021-05-25","600"
"Logan","2021-05-25","1000"
"Louis","2021-05-25","1000"
"Madison","2021-05-28","600"
"Margaret","2021-05-27","1000"
"Maria","2021-05-28","600"
"Marie","2021-05-31","1000"
"Marilyn","2021-05-30","1000"
"Mark","2021-05-26","1000"
"Martha","2021-05-27","300"
"Mary","2021-05-26","600"
"Matthew","2021-05-29","1000"
"Megan","2021-05-29","600"
"Melissa","2021-05-30","300"
"Michael","2021-05-29","1000"
"Michelle","2021-05-30","300"
"Nancy","2021-05-29","300"
"Natalie","2021-05-26","600"
"Nathan","2021-05-25","1000"
"Nicholas","2021-05-25","1000"
"Nicole","2021-05-29","600"
"Noah","2021-05-30","1000"
"Olivia","2021-05-29","1000"
"Pamela","2021-05-26","600"
"Patricia","2021-05-31","1000"
"Patrick","2021-05-31","1000"
"Paul","2021-05-27","1000"
"Peter","2021-05-29","1000"
"Philip","2021-05-27","1000"
"Rachel","2021-05-28","300"
"Ralph","2021-05-27","300"
"Randy","2021-05-30","300"
"Raymond","2021-05-31","600"
"Rebecca","2021-05-28","1000"
"Richard","2021-05-31","600"
"Robert","2021-05-30","1000"
"Roger","2021-05-31","600"
"Ronald","2021-05-25","600"
"Rose","2021-05-27","1000"
"Roy","2021-05-25","1000"
"Russell","2021-05-29","1000"
"Ruth","2021-05-29","1000"
"Ryan","2021-05-28","300"
"Samantha","2021-05-29","300"
"Samuel","2021-05-27","600"
"Sandra","2021-05-25","600"
"Sara","2021-05-27","600"
"Sarah","2021-05-31","300"
"Scott","2021-05-28","1000"
"Sean","2021-05-31","600"
"Sharon","2021-05-30","1000"
"Shirley","2021-05-26","600"
"Sophia","2021-05-30","300"
"Stephanie","2021-05-27","300"
"Stephen","2021-05-29","1000"
"Steven","2021-05-27","300"
"Susan","2021-05-27","300"
"Teresa","2021-05-31","600"
"Terry","2021-05-25","1000"
"Theresa","2021-05-27","600"
"Thomas","2021-05-25","300"
"Timothy","2021-05-25","300"
"Tyler","2021-05-26","600"
"Victoria","2021-05-27","600"
"Vincent","2021-05-31","600"
"Virginia","2021-05-31","300"
"Walter","2021-05-28","1000"
"Wayne","2021-05-31","1000"
"William","2021-05-25","300"
"Willie","2021-05-29","300"
"Zachary","2021-05-29","1000"
